-- --------------------------------------------------------
-- Host:                         ubuntu
-- Server version:               5.5.29-0ubuntu0.12.10.1 - (Ubuntu)
-- Server OS:                    debian-linux-gnu
-- HeidiSQL version:             7.0.0.4053
-- Date/time:                    2013-04-03 19:05:59
-- --------------------------------------------------------

/*!40101 SET @OLD_CHARACTER_SET_CLIENT=@@CHARACTER_SET_CLIENT */;
/*!40101 SET NAMES utf8 */;
/*!40014 SET FOREIGN_KEY_CHECKS=0 */;

-- Dumping structure for table mybeatport.artists
DROP TABLE IF EXISTS `artists`;
CREATE TABLE IF NOT EXISTS `artists` (
  `id` int(10) NOT NULL AUTO_INCREMENT,
  `name` varchar(255) DEFAULT NULL,
  PRIMARY KEY (`id`)
) ENGINE=InnoDB AUTO_INCREMENT=322574 DEFAULT CHARSET=latin1;

-- Dumping data for table mybeatport.artists: ~16 rows (approximately)
/*!40000 ALTER TABLE `artists` DISABLE KEYS */;
REPLACE INTO `artists` (`id`, `name`) VALUES
	(211, 'Andy Moor'),
	(599, 'Push'),
	(1292, 'Solarstone'),
	(1325, 'Max Graham'),
	(1728, 'Markus Schulz'),
	(1777, 'Gabriel & Dresden'),
	(1786, 'BT'),
	(2207, 'Elevation'),
	(2228, 'Armin van Buuren'),
	(2666, 'Ronski Speed'),
	(3396, 'Alex M.O.R.P.H.'),
	(3810, 'The Thrillseekers'),
	(3815, 'Ferry Corsten'),
	(6778, 'John O\'Callaghan'),
	(7181, 'Above & Beyond'),
	(10426, 'Delerium'),
	(10716, 'Antillas'),
	(11218, 'Sean Tyas'),
	(11538, 'Matt Darey'),
	(12005, 'Protoculture'),
	(12972, 'Shogun'),
	(13390, 'Static Blue'),
	(14036, 'Sied Van Riel'),
	(15383, 'Simon Patterson'),
	(17036, 'Estiva'),
	(17632, 'Jorn Van Deynhoven'),
	(19359, 'Paul Oakenfold'),
	(24772, 'Sarah McLachlan'),
	(24875, 'Ummet Ozcan'),
	(25577, 'Bjorn Akesson'),
	(27644, 'Rafael Frost'),
	(29976, 'Orjan Nilsen'),
	(31283, 'Ben Gold'),
	(32659, 'Daniel Kandi'),
	(34781, 'Falcon'),
	(37536, 'Christian Burns'),
	(37930, 'Majai'),
	(38686, 'Ruben De Ronde'),
	(38975, 'Kyau & Albert'),
	(39032, 'JES'),
	(39188, 'Fast Distance'),
	(39239, 'Beat Service'),
	(40846, 'Abstract Vision'),
	(43426, 'EDU'),
	(53720, 'Mikkas'),
	(57743, 'Dash Berlin'),
	(58751, 'Dinka'),
	(61954, 'Myon & Shane 54'),
	(64311, 'Omnia'),
	(64910, 'Ashley Wallbridge'),
	(65032, 'LTN'),
	(67269, 'W&W'),
	(68509, 'Xgenic'),
	(69678, 'Jonas Stenberg'),
	(71113, 'Jordan Suckley'),
	(72511, 'Alan Morris'),
	(74039, 'Laurell'),
	(78545, 'Styller'),
	(79895, 'Full Tilt'),
	(80921, 'Elite Electronic'),
	(82012, 'Broning'),
	(87502, 'Suncatcher'),
	(93336, 'Super8 & Tab'),
	(94766, 'Ilan Bluestone'),
	(94819, 'Dankann'),
	(97965, 'Cardinal'),
	(100105, 'Arty'),
	(104316, 'Aerofoil'),
	(105228, 'Emma Hewitt'),
	(105236, 'Aruna'),
	(109749, 'Molly Bancroft'),
	(113528, 'D-Mad'),
	(115115, 'Aaron Camz'),
	(115772, 'Karanda'),
	(119523, 'Timur Shafiev'),
	(121217, 'Audien'),
	(126776, 'Zedd'),
	(130178, 'Miroslav Vrlik'),
	(134475, 'The Madison'),
	(135372, 'Stine Grove'),
	(137700, 'Craving'),
	(138112, 'Norin & Rad'),
	(145015, 'Jamie Walker'),
	(146787, 'Kate Louise Smith'),
	(151615, 'Willem De Roo'),
	(152069, 'Matt Bukovski'),
	(153534, 'Tomas Heredia'),
	(154412, 'Darren Porter'),
	(159667, 'Betsie Larkin'),
	(160633, 'Andrew Rayel'),
	(160804, 'Danny Chen'),
	(169253, 'Jase Thirlwall'),
	(174418, 'Lee Miller'),
	(174950, 'Nic Toms'),
	(178956, 'E&G'),
	(179192, 'Fiora'),
	(179668, 'Ira'),
	(187332, 'Sue McLaren'),
	(187771, 'Orkidea'),
	(191590, 'Arielle Maren'),
	(219519, 'Brian Cameron'),
	(221532, 'Alana Aldea'),
	(222934, 'Max Braiman'),
	(227330, 'Kevin Charm'),
	(241010, 'Jjoo'),
	(241466, 'Lisa Lashes'),
	(247529, 'Gabriela'),
	(258067, 'Ayda'),
	(259046, 'Chris Madin'),
	(259867, 'Purple Stories'),
	(261354, 'Sarah Russell'),
	(263027, 'Toby Hedges'),
	(264841, 'Rikkaz'),
	(265075, 'Airborn'),
	(272592, 'Karen Kelly'),
	(276427, 'Solis & Sean Truby'),
	(277213, 'Fisherman & Hawkins'),
	(279110, 'Matthew Koma'),
	(282112, 'Bowdidge & Taylor'),
	(294322, 'Adrian&Raz'),
	(294873, 'Alexandre Bergheau'),
	(295468, 'Two&One'),
	(309324, 'Cate Kanell'),
	(322509, 'John O_Callaghan'),
	(322573, 'Deathmind and Sequence');
/*!40000 ALTER TABLE `artists` ENABLE KEYS */;


-- Dumping structure for table mybeatport.genres
DROP TABLE IF EXISTS `genres`;
CREATE TABLE IF NOT EXISTS `genres` (
  `id` int(10) NOT NULL AUTO_INCREMENT,
  `name` varchar(255) DEFAULT NULL,
  PRIMARY KEY (`id`)
) ENGINE=InnoDB AUTO_INCREMENT=50 DEFAULT CHARSET=latin1;

-- Dumping data for table mybeatport.genres: ~23 rows (approximately)
/*!40000 ALTER TABLE `genres` DISABLE KEYS */;
REPLACE INTO `genres` (`id`, `name`) VALUES
	(1, 'Drum & Bass'),
	(2, 'Hardcore / Hard Techno'),
	(3, 'Electronica'),
	(5, 'House'),
	(6, 'Techno'),
	(7, 'Trance'),
	(8, 'Hard Dance'),
	(9, 'Breaks'),
	(10, 'Chill Out'),
	(11, 'Tech House'),
	(12, 'Deep House'),
	(13, 'Psy-Trance'),
	(14, 'Minimal'),
	(15, 'Progressive House'),
	(16, 'DJ Tools'),
	(17, 'Electro House'),
	(18, 'Dubstep'),
	(37, 'Indie Dance / Nu Disco'),
	(38, 'Hip-Hop'),
	(39, 'Pop / Rock'),
	(40, 'Funk / R&B'),
	(41, 'Reggae / Dub'),
	(49, 'Glitch Hop');
/*!40000 ALTER TABLE `genres` ENABLE KEYS */;


-- Dumping structure for table mybeatport.labels
DROP TABLE IF EXISTS `labels`;
CREATE TABLE IF NOT EXISTS `labels` (
  `id` int(10) NOT NULL AUTO_INCREMENT,
  `name` varchar(250) DEFAULT '0',
  PRIMARY KEY (`id`)
) ENGINE=InnoDB AUTO_INCREMENT=31821 DEFAULT CHARSET=latin1;

-- Dumping data for table mybeatport.labels: ~0 rows (approximately)
/*!40000 ALTER TABLE `labels` DISABLE KEYS */;
REPLACE INTO `labels` (`id`, `name`) VALUES
	(12, 'A State Of Trance (Armada)'),
	(18, 'Adjusted Music'),
	(22, 'Afterglow'),
	(38, 'Armada Music'),
	(40, 'Armind (Armada)'),
	(97, 'Captivating Sounds Armada'),
	(455, 'Soundpiercing (Armada)'),
	(683, 'Lange Recordings'),
	(739, 'Organized Nature (Armada Music)'),
	(804, 'Anjunabeats'),
	(911, 'Coldharbour Recordings (Armada)'),
	(985, 'Euphonic'),
	(1192, 'Lashed Music'),
	(1301, 'Enhanced Recordings'),
	(1305, 'Monster Tunes'),
	(1329, 'Alter Ego Records'),
	(1549, 'Discover Dark'),
	(1772, 'Reset Records (Spinnin)'),
	(1942, 'High Contrast Recordings (Be Yourself Music)'),
	(2439, 'Solaris'),
	(2608, 'Enhanced Progressive'),
	(2882, 'Re*Brand (Armada)'),
	(3175, 'Statement!'),
	(3896, 'Flashover Recordings'),
	(4760, 'Fraction Records'),
	(5531, 'Infrasonic Recordings'),
	(5639, 'Unreleased Digital'),
	(5946, 'Monster Digital'),
	(8415, 'Perceptive Recordings'),
	(11435, 'Digital Society Recordings'),
	(12570, 'AVA Recordings (Armada)'),
	(12582, 'S107 Recordings (Armada)'),
	(12759, 'Aropa Records (Armada Music)'),
	(12948, 'Garuda'),
	(13676, 'Interscope Records'),
	(15065, 'Blue Soho Recordings'),
	(15492, 'Future Sound of Egypt (Armada Music)'),
	(16426, 'Hardwired Productions'),
	(16485, 'Tool Trance'),
	(16739, 'Air Up There Recordings'),
	(17189, 'Transistic'),
	(18453, 'Always Alive Recordings'),
	(20495, 'Perfecto Fluoro'),
	(20774, 'Interstate Recordings'),
	(22683, 'Adrian & Raz (AdrianRazRecordings)'),
	(23431, 'Beat Service Audio (AdrianRazRecordings)'),
	(27445, 'Mental Asylum Records'),
	(27511, 'ARVA'),
	(28475, 'Saturate Audio'),
	(29883, 'Tytanium Recordings (CH)'),
	(30737, 'Subculture'),
	(30847, 'Aria Recordings'),
	(31820, 'Ride Recordings');
/*!40000 ALTER TABLE `labels` ENABLE KEYS */;


-- Dumping structure for table mybeatport.tracks
DROP TABLE IF EXISTS `tracks`;
CREATE TABLE IF NOT EXISTS `tracks` (
  `id` int(11) unsigned NOT NULL AUTO_INCREMENT,
  `title` varchar(250) DEFAULT NULL,
  `release_date` date DEFAULT NULL,
  `isrc` varchar(50) DEFAULT NULL,
  `created` datetime DEFAULT NULL,
  `modified` datetime DEFAULT NULL,
  `preview` text,
  `label_id` int(11) unsigned NOT NULL DEFAULT '0',
  PRIMARY KEY (`id`)
) ENGINE=InnoDB AUTO_INCREMENT=4280392 DEFAULT CHARSET=latin1;

-- Dumping data for table mybeatport.tracks: ~0 rows (approximately)
/*!40000 ALTER TABLE `tracks` DISABLE KEYS */;
REPLACE INTO `tracks` (`id`, `title`, `release_date`, `isrc`, `created`, `modified`, `preview`, `label_id`) VALUES
	(3383142, 'The Fusion (Original Mix)', '2012-03-26', 'NLF711200439', '2013-04-03 19:02:03', '2013-04-03 19:02:03', 'http://geo-samples.beatport.com/lofi/3383142.LOFI.mp3', 0),
	(3573399, 'The Box (Original Mix)', '2012-06-18', 'NLC281210447', '2013-04-03 19:02:03', '2013-04-03 19:02:03', 'http://geo-samples.beatport.com/lofi/3573399.LOFI.mp3', 0),
	(3670957, 'Spectrum Feat. Matthew Koma (Armin Van Buuren Remix)', '2012-07-31', 'USUM71207843', '2013-04-03 19:01:01', '2013-04-03 19:01:01', 'http://geo-samples.beatport.com/lofi/3670957.LOFI.mp3', 0),
	(3790761, 'Silence feat. Sarah McLachlan (W&W vs Jonas Stenberg Remix)', '2012-09-21', 'CAN111200100', '2013-04-03 19:02:04', '2013-04-03 19:02:04', 'http://geo-samples.beatport.com/lofi/3790761.LOFI.mp3', 0),
	(3835530, 'Waiting feat. Emma Hewitt (W&W Remix)', '2012-10-08', 'NLF711204633', '2013-04-03 19:01:01', '2013-04-03 19:01:01', 'http://geo-samples.beatport.com/lofi/3835530.LOFI.mp3', 0),
	(3963365, 'Rewind (Mikkas Remix)', '2012-12-03', 'NLF711207134', '2013-04-03 19:01:00', '2013-04-03 19:01:00', 'http://geo-samples.beatport.com/lofi/3963365.LOFI.mp3', 0),
	(4021473, 'As We Collide (Orjan Nilsen Remix)', '2012-12-24', 'NLF711300576', '2013-04-03 19:02:04', '2013-04-03 19:02:04', 'http://geo-samples.beatport.com/lofi/4021473.LOFI.mp3', 0),
	(4045992, 'Wayfarer (Original Mix)', '2013-01-14', 'GBEWA1201120', '2013-04-03 19:01:00', '2013-04-03 19:01:00', 'http://geo-samples.beatport.com/lofi/4045992.LOFI.mp3', 0),
	(4054543, 'Apache (Original Mix)', '2013-01-14', 'NLF711207041', '2013-04-03 19:02:04', '2013-04-03 19:02:04', 'http://geo-samples.beatport.com/lofi/4054543.LOFI.mp3', 0),
	(4058668, 'Gunsmoke (Original Mix)', '2013-01-14', 'NLF711300781', '2013-04-03 19:02:04', '2013-04-03 19:02:04', 'http://geo-samples.beatport.com/lofi/4058668.LOFI.mp3', 0),
	(4076716, 'Sinai (Original Mix)', '2013-01-28', 'GBEWA1201140', '2013-04-03 19:02:04', '2013-04-03 19:02:04', 'http://geo-samples.beatport.com/lofi/4076716.LOFI.mp3', 0),
	(4077004, 'Waiting For The Night feat. Fiora (Beat Service Remix)', '2013-01-21', 'NLF711301261', '2013-04-03 19:02:04', '2013-04-03 19:02:04', 'http://geo-samples.beatport.com/lofi/4077004.LOFI.mp3', 0),
	(4082587, 'The Expedition (A State Of Trance 600 Anthem) (Original Mix)', '2013-01-28', 'NLF711301269', '2013-04-03 19:01:01', '2013-04-03 19:01:01', 'http://geo-samples.beatport.com/lofi/4082587.LOFI.mp3', 0),
	(4093133, 'Communication (Tomas Heredia Remix)', '2013-02-04', 'NLF711301457', '2013-04-03 19:01:01', '2013-04-03 19:01:01', 'http://geo-samples.beatport.com/lofi/4093133.LOFI.mp3', 0),
	(4122917, 'Nehalennia (Original Mix)', '2013-02-11', 'NLF711302143', '2013-04-03 19:02:03', '2013-04-03 19:02:03', 'http://geo-samples.beatport.com/lofi/4122917.LOFI.mp3', 0),
	(4130276, 'See The Sun feat. Kate Louise Smith (Toby Hedges Remix)', '2013-02-11', 'NLF711302616', '2013-04-03 19:02:03', '2013-04-03 19:02:03', 'http://geo-samples.beatport.com/lofi/4130276.LOFI.mp3', 0),
	(4136770, 'Kudawudashuda (Original Mix)', '2013-02-11', 'NLQ881301084', '2013-04-03 19:01:01', '2013-04-03 19:01:01', 'http://geo-samples.beatport.com/lofi/4136770.LOFI.mp3', 0),
	(4139726, 'Anywhere With You (Solarstone Pure Mix)', '2013-02-12', 'GBJFG1300003', '2013-04-03 19:02:03', '2013-04-03 19:02:03', 'http://geo-samples.beatport.com/lofi/4139726.LOFI.mp3', 0),
	(4139942, 'Breathe feat. Karen Kelly (Original Mix)', '2013-02-18', 'NLF711302156', '2013-04-03 19:02:04', '2013-04-03 19:02:04', 'http://geo-samples.beatport.com/lofi/4139942.LOFI.mp3', 0),
	(4145175, 'Skylarking (Original Mix)', '2013-02-18', 'NLF711302114', '2013-04-03 19:00:11', '2013-04-03 19:00:11', 'http://geo-samples.beatport.com/lofi/4145175.LOFI.mp3', 0),
	(4145182, 'World To Turn feat. Gabriela (Daniel Kandi\'s Bangin\' Mix)', '2013-03-01', 'NLF711302705', '2013-04-03 19:02:03', '2013-04-03 19:02:03', 'http://geo-samples.beatport.com/lofi/4145182.LOFI.mp3', 0),
	(4145187, 'Zorro (Rafael Frost Remix)', '2013-03-01', 'NLF711302707', '2013-04-03 19:02:03', '2013-04-03 19:02:03', 'http://geo-samples.beatport.com/lofi/4145187.LOFI.mp3', 0),
	(4154816, 'Spellbound (Original Mix)', '2013-03-04', 'GB3W41200649', '2013-04-03 19:01:00', '2013-04-03 19:01:00', 'http://geo-samples.beatport.com/lofi/4154816.LOFI.mp3', 0),
	(4158836, 'Love Again (Andrew Rayel Remix)', '2013-02-25', 'NLF711302689', '2013-04-03 19:01:00', '2013-04-03 19:01:00', 'http://geo-samples.beatport.com/lofi/4158836.LOFI.mp3', 0),
	(4163724, 'Universal Nation (Orjan Nilsen Remix)', '2013-02-22', 'BEZ451300603', '2013-04-03 19:01:01', '2013-04-03 19:01:01', 'http://geo-samples.beatport.com/lofi/4163724.LOFI.mp3', 0),
	(4166013, 'Black Room Boy (Above & Beyond Club Mix)', '2013-02-25', 'GBEWA1300090', '2013-04-03 19:01:00', '2013-04-03 19:01:00', 'http://geo-samples.beatport.com/lofi/4166013.LOFI.mp3', 0),
	(4167039, 'Boulevard (Original Mix)', '2013-03-04', 'NLD681300436', '2013-04-03 19:02:03', '2013-04-03 19:02:03', 'http://geo-samples.beatport.com/lofi/4167039.LOFI.mp3', 0),
	(4172202, 'Seven Cities (Pure Mix)', '2013-03-04', 'NLF711206076', '2013-04-03 19:00:11', '2013-04-03 19:00:11', 'http://geo-samples.beatport.com/lofi/4172202.LOFI.mp3', 0),
	(4172203, 'Seven Cities (Antillas & Dankann Remix)', '2013-03-04', 'NLF711302913', '2013-04-03 19:01:01', '2013-04-03 19:01:01', 'http://geo-samples.beatport.com/lofi/4172203.LOFI.mp3', 0),
	(4172462, 'Closer To The Earth (John O\'Callaghan Remix)', '2013-03-04', 'GBKQU1350571', '2013-04-03 19:02:03', '2013-04-03 19:02:03', 'http://geo-samples.beatport.com/lofi/4172462.LOFI.mp3', 0),
	(4178091, 'Glory (Edu Remix)', '2013-03-11', 'GB3W41300021', '2013-04-03 19:02:04', '2013-04-03 19:02:04', 'http://geo-samples.beatport.com/lofi/4178091.LOFI.mp3', 0),
	(4179827, 'The Spiritual Gateway (Transmission Theme 2013) (Original Mix)', '2013-02-25', 'NLF711302693', '2013-04-03 19:02:04', '2013-04-03 19:02:04', 'http://geo-samples.beatport.com/lofi/4179827.LOFI.mp3', 0),
	(4179880, 'Fool For Life feat. Chris Madin (Dash Berlin 4AM Remix)', '2013-02-25', 'NLF711302695', '2013-04-03 19:02:03', '2013-04-03 19:02:03', 'http://geo-samples.beatport.com/lofi/4179880.LOFI.mp3', 0),
	(4188911, 'Pacifique (Original Mix)', '2013-03-25', 'GBHCD1304000', '2013-04-03 19:02:04', '2013-04-03 19:02:04', 'http://geo-samples.beatport.com/lofi/4188911.LOFI.mp3', 0),
	(4189378, 'Closer (Original Mix)', '2013-03-11', 'CH3131311300', '2013-04-03 19:01:00', '2013-04-03 19:01:00', 'http://geo-samples.beatport.com/lofi/4189378.LOFI.mp3', 0),
	(4192823, 'As It Should Be (Original Mix)', '2013-03-18', 'GB3W41300019', '2013-04-03 19:02:04', '2013-04-03 19:02:04', 'http://geo-samples.beatport.com/lofi/4192823.LOFI.mp3', 0),
	(4197972, 'Tracking Treasure Down Revisited feat. Molly Bancroft (Gabriel & Dresden ON Remix)', '2013-03-11', 'NLF711303067', '2013-04-03 19:01:00', '2013-04-03 19:01:00', 'http://geo-samples.beatport.com/lofi/4197972.LOFI.mp3', 0),
	(4197990, 'Laguna (Original Mix)', '2013-03-11', 'NLF711302123', '2013-04-03 19:01:00', '2013-04-03 19:01:00', 'http://geo-samples.beatport.com/lofi/4197990.LOFI.mp3', 0),
	(4197992, 'When You Love Someone feat. Laurell (Club Mix)', '2013-03-11', 'NLF711303072', '2013-04-03 19:01:01', '2013-04-03 19:01:01', 'http://geo-samples.beatport.com/lofi/4197992.LOFI.mp3', 0),
	(4201018, 'Slip Away (Elevation Remix)', '2013-03-15', 'GBKQU1352660', '2013-04-03 19:02:04', '2013-04-03 19:02:04', 'http://geo-samples.beatport.com/lofi/4201018.LOFI.mp3', 0),
	(4204043, 'Harmonic Degree (Original Mix)', '2013-03-18', 'GBKQU1352600', '2013-04-03 19:02:03', '2013-04-03 19:02:03', 'http://geo-samples.beatport.com/lofi/4204043.LOFI.mp3', 0),
	(4204279, 'Daylight (Original Mix)', '2013-03-04', 'GBKQU1352965', '2013-04-03 19:02:04', '2013-04-03 19:02:04', 'http://geo-samples.beatport.com/lofi/4204279.LOFI.mp3', 0),
	(4204594, 'Teardrops (Original Mix)', '2013-03-04', 'GBKQU1352958', '2013-04-03 19:01:01', '2013-04-03 19:01:01', 'http://geo-samples.beatport.com/lofi/4204594.LOFI.mp3', 0),
	(4212865, 'Gluhwurmchen (Original Mix)', '2013-03-18', 'GBEWA1300160', '2013-04-03 19:00:11', '2013-04-03 19:00:11', 'http://geo-samples.beatport.com/lofi/4212865.LOFI.mp3', 0),
	(4215822, 'Cause & Effect (Original Mix)', '2013-03-25', 'GBKQU1350171', '2013-04-03 19:02:04', '2013-04-03 19:02:04', 'http://geo-samples.beatport.com/lofi/4215822.LOFI.mp3', 0),
	(4218247, 'Aldo (Original Mix)', '2013-03-11', 'GBEWA1300110', '2013-04-03 19:01:00', '2013-04-03 19:01:00', 'http://geo-samples.beatport.com/lofi/4218247.LOFI.mp3', 0),
	(4218481, 'Sukha (Original Mix)', '2013-03-18', 'NLF711303132', '2013-04-03 19:01:01', '2013-04-03 19:01:01', 'http://geo-samples.beatport.com/lofi/4218481.LOFI.mp3', 0),
	(4218515, 'Drop (Original Mix)', '2013-03-18', 'NLF711303125', '2013-04-03 19:00:11', '2013-04-03 19:00:11', 'http://geo-samples.beatport.com/lofi/4218515.LOFI.mp3', 0),
	(4218516, 'Supernova (Original Mix)', '2013-03-18', 'NLF711303126', '2013-04-03 19:01:00', '2013-04-03 19:01:00', 'http://geo-samples.beatport.com/lofi/4218516.LOFI.mp3', 0),
	(4218518, 'Caesar (Original Mix)', '2013-03-18', 'NLF711302127', '2013-04-03 19:02:04', '2013-04-03 19:02:04', 'http://geo-samples.beatport.com/lofi/4218518.LOFI.mp3', 0),
	(4220744, 'Phoenix (Original Mix)', '2013-03-25', 'GBKQU1354636', '2013-04-03 19:01:00', '2013-04-03 19:01:00', 'http://geo-samples.beatport.com/lofi/4220744.LOFI.mp3', 0),
	(4220792, 'Innercircle (Original Mix)', '2013-03-25', 'GBKQU1354242', '2013-04-03 19:01:01', '2013-04-03 19:01:01', 'http://geo-samples.beatport.com/lofi/4220792.LOFI.mp3', 0),
	(4220911, 'Moving Metropol (Original Mix)', '2013-03-11', 'GBKQU1354879', '2013-04-03 19:02:04', '2013-04-03 19:02:04', 'http://geo-samples.beatport.com/lofi/4220911.LOFI.mp3', 0),
	(4221162, 'Hydro (Original Mix)', '2013-03-25', 'CH8971300003', '2013-04-03 19:01:00', '2013-04-03 19:01:00', 'http://geo-samples.beatport.com/lofi/4221162.LOFI.mp3', 0),
	(4221733, 'I Love You So Much (Original Mix)', '2013-03-11', 'DEMU71300205', '2013-04-03 19:02:03', '2013-04-03 19:02:03', 'http://geo-samples.beatport.com/lofi/4221733.LOFI.mp3', 0),
	(4226070, 'One Word (Original Mix)', '2013-03-11', 'NLF711303240', '2013-04-03 19:02:04', '2013-04-03 19:02:04', 'http://geo-samples.beatport.com/lofi/4226070.LOFI.mp3', 0),
	(4226072, 'Cryptogram (Original Mix)', '2013-03-11', 'NLF711303244', '2013-04-03 19:02:04', '2013-04-03 19:02:04', 'http://geo-samples.beatport.com/lofi/4226072.LOFI.mp3', 0),
	(4227931, 'Legacy (Original Mix)', '2013-03-18', 'NLC731300110', '2013-04-03 19:01:00', '2013-04-03 19:01:00', 'http://geo-samples.beatport.com/lofi/4227931.LOFI.mp3', 0),
	(4230680, 'Freaked (Original Mix)', '2013-03-25', 'GBKQU1355548', '2013-04-03 19:01:01', '2013-04-03 19:01:01', 'http://geo-samples.beatport.com/lofi/4230680.LOFI.mp3', 0),
	(4230683, 'Ram Raid (Original Mix)', '2013-03-25', 'GBKQU1355549', '2013-04-03 19:02:04', '2013-04-03 19:02:04', 'http://geo-samples.beatport.com/lofi/4230683.LOFI.mp3', 0),
	(4231582, 'Dream State (Original Mix)', '2013-03-25', 'NLC731300044', '2013-04-03 19:01:00', '2013-04-03 19:01:00', 'http://geo-samples.beatport.com/lofi/4231582.LOFI.mp3', 0),
	(4231939, 'All Your Colours (Andrew Rayel Remix)', '2013-04-01', 'DEL671300049', '2013-04-03 19:02:03', '2013-04-03 19:02:03', 'http://geo-samples.beatport.com/lofi/4231939.LOFI.mp3', 0),
	(4233431, 'L.A. (Original Mix)', '2013-03-25', 'GBEWA1300200', '2013-04-03 19:00:11', '2013-04-03 19:00:11', 'http://geo-samples.beatport.com/lofi/4233431.LOFI.mp3', 0),
	(4233537, 'Mesocyclone (Original Mix)', '2013-04-01', 'GB2CT0900222', '2013-04-03 19:01:01', '2013-04-03 19:01:01', 'http://geo-samples.beatport.com/lofi/4233537.LOFI.mp3', 0),
	(4233538, 'Why Not? (Original Mix)', '2013-04-01', 'GB2CT0900223', '2013-04-03 19:02:04', '2013-04-03 19:02:04', 'http://geo-samples.beatport.com/lofi/4233538.LOFI.mp3', 0),
	(4235491, 'Fatality (Original Mix)', '2013-04-01', 'GB3W41300073', '2013-04-03 19:02:03', '2013-04-03 19:02:03', 'http://geo-samples.beatport.com/lofi/4235491.LOFI.mp3', 0),
	(4236384, 'Tour De Trance (Original Mix)', '2013-03-25', 'GBKQU1356296', '2013-04-03 19:01:01', '2013-04-03 19:01:01', 'http://geo-samples.beatport.com/lofi/4236384.LOFI.mp3', 0),
	(4236776, 'EPR Paradox (Original Mix)', '2013-03-25', 'GBKQU1355917', '2013-04-03 19:02:04', '2013-04-03 19:02:04', 'http://geo-samples.beatport.com/lofi/4236776.LOFI.mp3', 0),
	(4238232, 'Superfly (Original Mix)', '2013-03-25', 'NLF711302133', '2013-04-03 19:01:00', '2013-04-03 19:01:00', 'http://geo-samples.beatport.com/lofi/4238232.LOFI.mp3', 0),
	(4238238, 'The Light (Original Mix)', '2013-03-25', 'NLF711302112', '2013-04-03 19:00:11', '2013-04-03 19:00:11', 'http://geo-samples.beatport.com/lofi/4238238.LOFI.mp3', 0),
	(4238265, 'Blaster (Original Mix)', '2013-03-25', 'NLF711303259', '2013-04-03 19:01:00', '2013-04-03 19:01:00', 'http://geo-samples.beatport.com/lofi/4238265.LOFI.mp3', 0),
	(4238267, 'Collision (Original Mix)', '2013-03-25', 'NLF711303261', '2013-04-03 19:02:03', '2013-04-03 19:02:03', 'http://geo-samples.beatport.com/lofi/4238267.LOFI.mp3', 0),
	(4239293, 'Manipulate (Original Mix)', '2013-03-25', 'GBJAL1300017', '2013-04-03 19:02:04', '2013-04-03 19:02:04', 'http://geo-samples.beatport.com/lofi/4239293.LOFI.mp3', 0),
	(4240299, 'Damavand (Original Mix)', '2013-03-26', 'GBKQU1356350', '2013-04-03 19:01:01', '2013-04-03 19:01:01', 'http://geo-samples.beatport.com/lofi/4240299.LOFI.mp3', 0),
	(4242085, 'Where You Are feat. Alana Aldea (Original Mix)', '2013-03-25', 'NLF711303379', '2013-04-03 19:00:11', '2013-04-03 19:00:11', 'http://geo-samples.beatport.com/lofi/4242085.LOFI.mp3', 0),
	(4243217, 'Wait Forever (Daniel Kandi\'s Bangin\' Remix)', '2013-03-18', 'GBKQU1357013', '2013-04-03 19:00:11', '2013-04-03 19:00:11', 'http://geo-samples.beatport.com/lofi/4243217.LOFI.mp3', 0),
	(4243651, 'Cruise Control (Original Mix)', '2013-03-18', 'GBKQU1357016', '2013-04-03 19:02:03', '2013-04-03 19:02:03', 'http://geo-samples.beatport.com/lofi/4243651.LOFI.mp3', 0),
	(4248044, 'Lights (Club Mix)', '2013-03-25', 'HUB921300001', '2013-04-03 19:00:11', '2013-04-03 19:00:11', 'http://geo-samples.beatport.com/lofi/4248044.LOFI.mp3', 0),
	(4248093, 'Sincerely JORS (Original Mix)', '2013-04-01', 'NLD681300844', '2013-04-03 19:02:04', '2013-04-03 19:02:04', 'http://geo-samples.beatport.com/lofi/4248093.LOFI.mp3', 0),
	(4250251, 'Perfect Start (Original Mix)', '2013-04-01', 'GBKQU1357560', '2013-04-03 19:02:04', '2013-04-03 19:02:04', 'http://geo-samples.beatport.com/lofi/4250251.LOFI.mp3', 0),
	(4255731, 'Smash! (Original Mix)', '2013-04-01', 'GBKQU1357859', '2013-04-03 19:02:04', '2013-04-03 19:02:04', 'http://geo-samples.beatport.com/lofi/4255731.LOFI.mp3', 0),
	(4258020, 'New York City (Original Mix)', '2013-04-01', 'NLF711302140', '2013-04-03 19:01:01', '2013-04-03 19:01:01', 'http://geo-samples.beatport.com/lofi/4258020.LOFI.mp3', 0),
	(4258076, 'Zeus (Original Mix)', '2013-04-01', 'NLF711302803', '2013-04-03 19:01:00', '2013-04-03 19:01:00', 'http://geo-samples.beatport.com/lofi/4258076.LOFI.mp3', 0),
	(4258077, 'Musa (Original Mix)', '2013-04-01', 'NLF711302131', '2013-04-03 19:01:00', '2013-04-03 19:01:00', 'http://geo-samples.beatport.com/lofi/4258077.LOFI.mp3', 0),
	(4258239, 'Past Present Future (Original Mix)', '2013-04-01', 'NLF711302805', '2013-04-03 19:02:03', '2013-04-03 19:02:03', 'http://geo-samples.beatport.com/lofi/4258239.LOFI.mp3', 0),
	(4260155, 'Aurora (Orginal Mix)', '2013-04-01', 'NLC731300094', '2013-04-03 19:01:00', '2013-04-03 19:01:00', 'http://geo-samples.beatport.com/lofi/4260155.LOFI.mp3', 0),
	(4260156, 'Metro (Original Mix)', '2013-04-01', 'NLC731300048', '2013-04-03 19:02:03', '2013-04-03 19:02:03', 'http://geo-samples.beatport.com/lofi/4260156.LOFI.mp3', 0),
	(4260166, 'Into The Light (The Madison Remix)', '2013-04-01', 'NLC731300042', '2013-04-03 19:02:04', '2013-04-03 19:02:04', 'http://geo-samples.beatport.com/lofi/4260166.LOFI.mp3', 0),
	(4260184, 'November (Suncatcher Remix)', '2013-03-25', 'GBUFL1300134', '2013-04-03 19:02:03', '2013-04-03 19:02:03', 'http://geo-samples.beatport.com/lofi/4260184.LOFI.mp3', 0),
	(4260904, 'Alive (Original Mix)', '2013-03-25', 'CH8141300011', '2013-04-03 19:00:11', '2013-04-03 19:00:11', 'http://geo-samples.beatport.com/lofi/4260904.LOFI.mp3', 0),
	(4263374, 'Banshee (Original Mix)', '2013-03-25', 'GBKQU1358544', '2013-04-03 19:01:00', '2013-04-03 19:01:00', 'http://geo-samples.beatport.com/lofi/4263374.LOFI.mp3', 0),
	(4263375, 'Zazzy (Original Mix)', '2013-03-25', 'GBKQU1358543', '2013-04-03 19:02:03', '2013-04-03 19:02:03', 'http://geo-samples.beatport.com/lofi/4263375.LOFI.mp3', 0),
	(4263594, 'Aventador (Original Mix)', '2013-03-25', 'GBKQU1358541', '2013-04-03 19:01:00', '2013-04-03 19:01:00', 'http://geo-samples.beatport.com/lofi/4263594.LOFI.mp3', 0),
	(4263620, 'Seoni (Original Mix)', '2013-03-25', 'GBKQU1358545', '2013-04-03 19:02:03', '2013-04-03 19:02:03', 'http://geo-samples.beatport.com/lofi/4263620.LOFI.mp3', 0),
	(4263621, 'Seoni (Falcon Remix)', '2013-03-25', 'GBKQU1358546', '2013-04-03 19:02:04', '2013-04-03 19:02:04', 'http://geo-samples.beatport.com/lofi/4263621.LOFI.mp3', 0),
	(4263646, 'Fireball (Original Mix)', '2013-03-25', 'GBKQU1358550', '2013-04-03 19:01:00', '2013-04-03 19:01:00', 'http://geo-samples.beatport.com/lofi/4263646.LOFI.mp3', 0),
	(4264559, 'Bright (Original Mix)', '2013-03-25', 'NLUQ61200034', '2013-04-03 19:02:03', '2013-04-03 19:02:03', 'http://geo-samples.beatport.com/lofi/4264559.LOFI.mp3', 0),
	(4264561, 'Bright (EDU Aggressive Remix)', '2013-03-25', 'NLUQ61200036', '2013-04-03 19:01:00', '2013-04-03 19:01:00', 'http://geo-samples.beatport.com/lofi/4264561.LOFI.mp3', 0),
	(4275582, 'Vanilla (Original Mix)', '2013-04-01', 'NLZ541300177', '2013-04-03 19:01:00', '2013-04-03 19:01:00', 'http://geo-samples.beatport.com/lofi/4275582.LOFI.mp3', 0),
	(4280391, 'Conviction (Original Mix)', '2013-04-01', 'GBKQU1360936', '2013-04-03 19:02:04', '2013-04-03 19:02:04', 'http://geo-samples.beatport.com/lofi/4280391.LOFI.mp3', 0);
/*!40000 ALTER TABLE `tracks` ENABLE KEYS */;


-- Dumping structure for table mybeatport.tracks_artists
DROP TABLE IF EXISTS `tracks_artists`;
CREATE TABLE IF NOT EXISTS `tracks_artists` (
  `id` int(10) NOT NULL AUTO_INCREMENT,
  `track_id` int(10) DEFAULT '0',
  `artist_id` int(10) DEFAULT '0',
  PRIMARY KEY (`id`)
) ENGINE=InnoDB AUTO_INCREMENT=186 DEFAULT CHARSET=latin1;

-- Dumping data for table mybeatport.tracks_artists: ~0 rows (approximately)
/*!40000 ALTER TABLE `tracks_artists` DISABLE KEYS */;
REPLACE INTO `tracks_artists` (`id`, `track_id`, `artist_id`) VALUES
	(25, 4238238, 64311),
	(26, 4233431, 93336),
	(27, 4248044, 61954),
	(28, 4248044, 105236),
	(29, 4218515, 12972),
	(30, 4145175, 1786),
	(31, 4242085, 1325),
	(32, 4242085, 221532),
	(33, 4243217, 17036),
	(34, 4243217, 97965),
	(35, 4243217, 191590),
	(36, 4243217, 32659),
	(37, 4172202, 1292),
	(38, 4212865, 38975),
	(39, 4260904, 40846),
	(40, 4260904, 80921),
	(41, 4221162, 11218),
	(42, 4218516, 12972),
	(43, 4238232, 17632),
	(44, 4158836, 211),
	(45, 4158836, 159667),
	(46, 4158836, 160633),
	(47, 3963365, 53720),
	(48, 3963365, 105228),
	(49, 4263594, 227330),
	(50, 4263594, 241010),
	(51, 4231582, 261354),
	(52, 4231582, 295468),
	(53, 4197972, 1777),
	(54, 4197972, 109749),
	(55, 4045992, 121217),
	(56, 4189378, 58751),
	(57, 4264561, 38686),
	(58, 4264561, 43426),
	(59, 4264561, 160804),
	(60, 4197990, 12005),
	(61, 4166013, 7181),
	(62, 4263374, 115772),
	(63, 4220744, 152069),
	(64, 4227931, 137700),
	(65, 4263646, 113528),
	(66, 4258076, 160633),
	(67, 4258077, 160633),
	(68, 4218247, 138112),
	(69, 4275582, 15383),
	(70, 4275582, 71113),
	(71, 4260155, 39239),
	(72, 4238265, 68509),
	(73, 4154816, 154412),
	(74, 4163724, 599),
	(75, 4163724, 29976),
	(76, 4197992, 10716),
	(77, 4197992, 74039),
	(78, 4197992, 94819),
	(79, 4136770, 3815),
	(80, 4233537, 31283),
	(81, 4240299, 294873),
	(82, 4204594, 93336),
	(83, 4172203, 1292),
	(84, 4172203, 10716),
	(85, 4172203, 94819),
	(86, 4082587, 1728),
	(87, 4082587, 2228),
	(88, 4093133, 2228),
	(89, 4093133, 153534),
	(90, 3670957, 2228),
	(91, 3670957, 126776),
	(92, 3670957, 279110),
	(93, 4258020, 3396),
	(94, 4230680, 169253),
	(95, 4218481, 263027),
	(96, 3835530, 57743),
	(97, 3835530, 105228),
	(98, 3835530, 67269),
	(99, 4236384, 265075),
	(100, 4220792, 72511),
	(101, 4231939, 38975),
	(102, 4231939, 160633),
	(103, 4260156, 39239),
	(104, 4238267, 68509),
	(105, 4235491, 219519),
	(106, 4258239, 14036),
	(107, 4145182, 211),
	(108, 4145182, 64910),
	(109, 4145182, 247529),
	(110, 4145182, 32659),
	(111, 4122917, 2228),
	(112, 4122917, 100105),
	(113, 4263620, 13390),
	(114, 4263620, 259867),
	(115, 4221733, 113528),
	(116, 4172462, 187332),
	(117, 4172462, 276427),
	(118, 4172462, 6778),
	(119, 4145187, 64910),
	(120, 4145187, 27644),
	(121, 3573399, 24875),
	(122, 3383142, 64311),
	(123, 3383142, 179668),
	(124, 4139726, 3810),
	(125, 4139726, 135372),
	(126, 4130276, 11538),
	(127, 4130276, 146787),
	(128, 4130276, 263027),
	(129, 4264559, 38686),
	(130, 4264559, 160804),
	(131, 4263375, 115772),
	(132, 4260184, 87502),
	(133, 4260184, 130178),
	(134, 4243651, 39188),
	(135, 4243651, 264841),
	(136, 4204043, 241466),
	(137, 4167039, 145015),
	(138, 4179880, 57743),
	(139, 4179880, 259046),
	(140, 4179827, 1728),
	(141, 4139942, 6778),
	(142, 4139942, 79895),
	(143, 4139942, 272592),
	(144, 4058668, 25577),
	(145, 4054543, 277213),
	(146, 4215822, 174418),
	(147, 4226070, 104316),
	(148, 4226070, 178956),
	(149, 4178091, 43426),
	(150, 4178091, 119523),
	(151, 3790761, 10426),
	(152, 3790761, 24772),
	(153, 3790761, 67269),
	(154, 3790761, 69678),
	(155, 4188911, 187771),
	(156, 4192823, 282112),
	(157, 4201018, 2207),
	(158, 4201018, 37930),
	(159, 4280391, 151615),
	(160, 4255731, 82012),
	(161, 4248093, 2666),
	(162, 4248093, 322509),
	(163, 4230683, 169253),
	(164, 4218518, 258067),
	(165, 4204279, 65032),
	(166, 4077004, 2228),
	(167, 4077004, 179192),
	(168, 4077004, 39239),
	(169, 4233538, 31283),
	(170, 4263621, 13390),
	(171, 4263621, 259867),
	(172, 4263621, 34781),
	(173, 4239293, 322573),
	(174, 4220911, 222934),
	(175, 4076716, 94766),
	(176, 4021473, 19359),
	(177, 4021473, 37536),
	(178, 4021473, 39032),
	(179, 4021473, 29976),
	(180, 4260166, 134475),
	(181, 4260166, 294322),
	(182, 4260166, 309324),
	(183, 4250251, 174950),
	(184, 4236776, 78545),
	(185, 4226072, 115115);
/*!40000 ALTER TABLE `tracks_artists` ENABLE KEYS */;


-- Dumping structure for table mybeatport.tracks_genres
DROP TABLE IF EXISTS `tracks_genres`;
CREATE TABLE IF NOT EXISTS `tracks_genres` (
  `id` int(10) NOT NULL AUTO_INCREMENT,
  `track_id` int(10) DEFAULT '0',
  `genre_id` int(10) DEFAULT '0',
  PRIMARY KEY (`id`)
) ENGINE=InnoDB AUTO_INCREMENT=626 DEFAULT CHARSET=latin1;

-- Dumping data for table mybeatport.tracks_genres: ~0 rows (approximately)
/*!40000 ALTER TABLE `tracks_genres` DISABLE KEYS */;
REPLACE INTO `tracks_genres` (`id`, `track_id`, `genre_id`) VALUES
	(526, 4238238, 7),
	(527, 4233431, 7),
	(528, 4248044, 7),
	(529, 4218515, 7),
	(530, 4145175, 7),
	(531, 4242085, 7),
	(532, 4243217, 7),
	(533, 4172202, 7),
	(534, 4212865, 7),
	(535, 4260904, 7),
	(536, 4221162, 7),
	(537, 4218516, 7),
	(538, 4238232, 7),
	(539, 4158836, 7),
	(540, 3963365, 7),
	(541, 4263594, 7),
	(542, 4231582, 7),
	(543, 4197972, 7),
	(544, 4045992, 7),
	(545, 4189378, 7),
	(546, 4264561, 7),
	(547, 4197990, 7),
	(548, 4166013, 7),
	(549, 4263374, 7),
	(550, 4220744, 7),
	(551, 4227931, 7),
	(552, 4263646, 7),
	(553, 4258076, 7),
	(554, 4258077, 7),
	(555, 4218247, 7),
	(556, 4275582, 7),
	(557, 4260155, 7),
	(558, 4238265, 7),
	(559, 4154816, 7),
	(560, 4163724, 7),
	(561, 4197992, 7),
	(562, 4136770, 7),
	(563, 4233537, 7),
	(564, 4240299, 7),
	(565, 4204594, 7),
	(566, 4172203, 7),
	(567, 4082587, 7),
	(568, 4093133, 7),
	(569, 3670957, 7),
	(570, 4258020, 7),
	(571, 4230680, 7),
	(572, 4218481, 7),
	(573, 3835530, 7),
	(574, 4236384, 7),
	(575, 4220792, 7),
	(576, 4231939, 7),
	(577, 4260156, 7),
	(578, 4238267, 7),
	(579, 4235491, 7),
	(580, 4258239, 7),
	(581, 4145182, 7),
	(582, 4122917, 7),
	(583, 4263620, 7),
	(584, 4221733, 7),
	(585, 4172462, 7),
	(586, 4145187, 7),
	(587, 3573399, 7),
	(588, 3383142, 7),
	(589, 4139726, 7),
	(590, 4130276, 7),
	(591, 4264559, 7),
	(592, 4263375, 7),
	(593, 4260184, 7),
	(594, 4243651, 7),
	(595, 4204043, 7),
	(596, 4167039, 7),
	(597, 4179880, 7),
	(598, 4179827, 7),
	(599, 4139942, 7),
	(600, 4058668, 7),
	(601, 4054543, 7),
	(602, 4215822, 7),
	(603, 4226070, 7),
	(604, 4178091, 7),
	(605, 3790761, 7),
	(606, 4188911, 7),
	(607, 4192823, 7),
	(608, 4201018, 7),
	(609, 4280391, 7),
	(610, 4255731, 7),
	(611, 4248093, 7),
	(612, 4230683, 7),
	(613, 4218518, 7),
	(614, 4204279, 7),
	(615, 4077004, 7),
	(616, 4233538, 7),
	(617, 4263621, 7),
	(618, 4239293, 7),
	(619, 4220911, 7),
	(620, 4076716, 7),
	(621, 4021473, 7),
	(622, 4260166, 7),
	(623, 4250251, 7),
	(624, 4236776, 7),
	(625, 4226072, 7);
/*!40000 ALTER TABLE `tracks_genres` ENABLE KEYS */;
/*!40014 SET FOREIGN_KEY_CHECKS=1 */;
/*!40101 SET CHARACTER_SET_CLIENT=@OLD_CHARACTER_SET_CLIENT */;
